"1","Fresno/F.S.U. USDA","Fresno","Fresno","6/7/1982","9/25/1988","False","True","340","Grass","-119.731670","36.814444"
"2","FivePoints","Five Points","Fresno","6/7/1982","12/31/2030","True","True","285","Grass","-120.112910","36.336222"
"3","Beach /Santa Cruz CO","Watsonville","Santa Cruz","5/30/1982","8/25/1986","False","True","10","Grass","-121.793330","36.880556"
"4","Webb /Santa Cruz CO","Watsonville","Santa Cruz","5/30/1982","4/29/1988","False","True","230","Grass","-121.726110","36.9725"
"5","Shafter","Shafter","Kern","6/1/1982","12/31/2030","True","True","360","Grass","-119.281790","35.532556"
"6","Davis","Davis","Yolo","7/17/1982","12/31/2030","True","True","60","Grass","-121.776360","38.535694"
"7","Firebaugh/Telles","Firebaugh","Fresno","9/22/1982","12/31/2030","True","True","185","Grass","-120.590920","36.851222"
"8","Gerber","Gerber","Tehama","9/22/1982","8/14/2014","False","True","250","Grass","-122.165510","40.044053"
"9","Lamont","LaMont","Kern","9/29/1982","4/10/1989","False","True","406","Grass","-118.894440","35.238056"
"10","Bakersfield/Greenlee","Mettler Station","Kern","10/1/1982","4/16/1986","False","True","400","Grass","-119.082130","35.077083"
"11","Bakersfield/Bonanza","Conner","Kern","9/29/1982","4/17/1986","False","True","290","Grass","-119.180830","35.160556"
"12","Durham","Chico","Butte","10/19/1982","12/31/2030","True","True","130","Grass","-121.824430","39.608639"
"13","Camino","Placerville","El Dorado","10/19/1982","12/31/2030","True","True","2780","Grass","-120.7336","38.753136"
"14","Orland","Orland","Glenn","10/30/1982","4/21/1987","False","True","235","Grass","-122.171390","39.739444"
"15","Stratford","Stratford","Kings","10/29/1982","12/31/2050","True","True","193","Grass","-119.851430","36.157972"
"16","San Juan","Watsonville","Monterey","10/23/1982","8/24/1995","False","True","44","Grass","-121.703060","36.904722"
"17","El Centro","Meloland","Imperial","11/8/1982","5/27/1987","False","True","-86","Grass","-115.448330","32.846389"
"18","Westmorland","Westmorland","Imperial","11/11/1982","4/9/1986","False","True","-195","Grass","-115.613890","33.0775"
"19","Castroville","Castroville","Monterey","11/18/1982","12/31/2030","True","False","9","Grass","-121.773640","36.768167"
"20","Corcoran","Corcoran","Kings","11/22/1982","4/9/1986","False","True","190","Grass","-119.572780","36.040278"
"21","Kettleman","Kettleman City","Kings","11/19/1982","12/31/2030","False","True","340","Grass","-119.8949","35.867750"
"22","Caruthers","Laton","Kings","11/18/1982","6/6/1988","False","True","238","Grass","-119.779170","36.490278"
"23","King City","King City","Monterey","11/19/1982","12/23/1985","False","True","300","Grass","-121.117220","36.174444"
"24","Thermal","Thermal","Riverside","11/22/1982","3/3/1986","False","True","-120","Grass","-116.111940","33.631111"
"25","Rancho Mirage","Rancho Mirage","Riverside","11/22/1982","11/20/1985","False","True","240","Grass","-116.423890","33.764444"
"26","Lost Hills","Lost Hills","Kern","11/29/1982","8/13/1986","False","True","410","Grass","-119.689720","35.505278"
"27","Zamora","Woodland","Yolo","12/5/1982","1/20/2006","False","True","50","Grass","-121.907540","38.808758"
"28","Soledad","Soledad","Monterey","1/4/1983","2/11/1987","False","True","170","Grass","-121.364170","36.4475"
"29","Cantua Creek","Cantua Creek","Fresno","1/2/1983","7/23/1985","False","True","275","Grass","-120.314440","36.516389"
"30","Nicolaus","Nicolaus","Sutter","1/3/1983","12/29/2011","False","True","32","Grass","-121.546080","38.8706"
"31","McFarland/Kern Farms","McFarland","Kern","1/11/1983","3/8/1993","False","True","480","Grass","-119.153550","35.702722"
"32","Colusa","Colusa","Colusa","1/13/1983","8/12/2016","False","True","55","Grass","-122.0248","39.226861"
"33","Visalia","Visalia","Tulare","1/5/1983","3/1/2007","False","True","350","Grass","-119.224530","36.301056"
"34","Rancho California","Rancho California","Riverside","1/21/1983","11/25/1986","False","True","1820","Grass","-117.198610","33.488611"
"35","Bishop","Bishop","Inyo","2/4/1983","12/31/2030","True","True","4170","Grass","-118.405530","37.358514"
"36","Blythe","Blythe","Riverside","3/13/1983","8/12/1988","False","True","270","Grass","-114.558060","33.654722"
"37","USDA Salinas","Salinas","Monterey","4/11/1983","7/27/1992","False","True","120","Grass","-121.545280","36.620556"
"38","Santa Maria","Santa Maria","Santa Barbara","5/3/1983","4/27/1999","False","True","270","Grass","-120.384170","34.954444"
"39","Parlier","Parlier","Fresno","5/23/1983","12/31/2030","True","True","337","Grass","-119.504040","36.597444"
"40","Mendota/MuriettaUSDA","Mendota","Fresno","6/14/1983","4/15/1992","False","True","187","Grass","-120.387220","36.683333"
"41","Calipatria/Mulberry","Calipatria","Imperial","7/17/1983","12/31/2030","True","True","-110","Grass","-115.415850","33.042986"
"42","Lodi","Lodi","San Joaquin","10/16/1983","1/18/2001","False","True","23","Grass","-121.346110","38.109444"
"43","McArthur","Glenburn","Shasta","10/31/1983","12/31/2030","True","True","3310","Grass","-121.456020","41.063767"
"44","U.C. Riverside","Riverside","Riverside","6/2/1985","12/31/2030","True","True","1020","Grass","-117.336980","33.964942"
"45","San Diego","San Diego","San Diego","6/9/1985","4/27/1989","False","True","370","Grass","-117.135280","32.786667"
"46","MacDoel","MacDoel","Siskiyou","11/11/1985","6/11/1986","False","True","4254","Grass","-122.063610","41.792222"
"47","Brentwood","Brentwood","Contra Costa","11/18/1985","12/31/2030","True","True","45","Grass","-121.6599","37.928258"
"48","Tulelake","Tulelake","Siskiyou","2/3/1986","9/30/1993","False","True","4042","Grass","-121.426670","42.003333"
"49","Oceanside","Oceanside","San Diego","3/11/1986","10/29/2003","False","False","50","Grass","-117.319720","33.255833"
"50","Thermal","Thermal","Riverside","7/22/1986","1/11/1999","False","True","-30","Grass","-116.241670","33.646389"
"51","Healdsburg","Healdsburg","Sonoma","8/24/1986","3/28/1994","False","True","180","Grass","-122.869460","38.661906"
"52","San Luis Obispo","San Luis Obispo","San Luis Obispo","4/2/1986","12/31/2030","True","True","330","Grass","-120.661780","35.305442"
"53","Greenfield","Greenfield","Monterey","10/10/1986","10/23/1991","False","True","270","Grass","-121.256940","36.341111"
"54","Blackwells Corner","Blackwells Corner","Kern","10/19/1986","12/31/2030","True","True","705","Grass","-119.9593","35.649861"
"55","Palm Desert","Palm Desert","Riverside","5/26/1987","4/11/1994","False","True","200","Grass","-116.3825","33.730556"
"56","Los Banos","Los Banos","Merced","6/28/1988","12/31/2030","True","True","95","Grass","-120.7539","37.096694"
"57","Buntingville","Susanville","Lassen","6/22/1986","12/31/2030","True","True","4005","Grass","-120.433948","40.289799"
"58","Santa Paula","Santa Paula","Ventura","7/30/1987","2/15/1991","False","True","175","Grass","-119.118890","34.301667"
"59","Tehachapi","Tehachapi","Kern","7/29/1986","8/23/1990","False","True","4110","Grass","-118.438610","35.114167"
"60","Barstow","Barstow","San Bernardino","11/20/1986","2/20/1992","False","True","2180","Grass","-117.1150","34.903333"
"61","Orland","Orland","Glenn","5/13/1987","5/26/2010","False","False","198","Grass","-122.153510","39.691822"
"62","Temecula","Rancho California","Riverside","11/25/1986","12/31/2030","True","True","1420","Grass","-117.228270","33.486650"
"63","Novato","Novato","Marin","7/1/1986","1/18/2002","False","True","25","Grass","-122.543780","38.121739"
"64","Santa Ynez","Santa Ynez","Santa Barbara","11/21/1986","12/31/2030","True","True","490","Grass","-120.079240","34.583144"
"65","Walnut Creek","Walnut Creek","Contra Costa","7/22/1987","3/8/2002","False","True","440","Grass","-122.082260","37.914392"
"66","San Diego","San Diego","San Diego","4/27/1989","12/19/2001","False","True","370","Grass","-117.134720","32.733056"
"67","Goleta","Santa Barbara","Santa Barbara","2/17/1988","4/7/1993","False","True","30","Grass","-119.838890","34.432222"
"68","Seeley","Seeley","Imperial","5/29/1987","12/31/2030","True","True","40","Grass","-115.732070","32.759575"
"69","San Jose","San Jose","Santa Clara","6/8/1987","11/22/2002","False","True","125","Grass","-121.951820","37.326189"
"70","Manteca","Manteca","San Joaquin","11/12/1987","12/31/2030","True","True","33","Grass","-121.223190","37.834822"
"71","Modesto","Modesto","Stanislaus","6/25/1987","12/31/2030","True","True","35","Grass","-121.187760","37.645222"
"72","Palo Verde","Palo Verde","Imperial","9/8/1987","12/20/2000","False","True","230","Alfalfa","-114.7225","33.3875"
"73","Hollywood Hills","Burbank","Los Angeles","3/4/1988","9/14/1993","False","True","560","Grass","-118.317780","34.147222"
"74","Escondido","Escondido","San Diego","4/26/1988","12/24/1998","False","True","450","Grass","-116.981110","33.09"
"75","Irvine","Irvine","Orange","10/7/1987","12/31/2030","True","True","410","Grass","-117.721180","33.688450"
"76","Betteravia","Guadalupe","Santa Barbara","12/18/1987","7/1/1993","False","True","160","Grass","-120.511670","34.923889"
"77","Oakville","Napa","Napa","3/1/1989","12/31/2030","True","True","190","Grass","-122.410210","38.428475"
"78","Pomona","Pomona","Los Angeles","3/14/1989","12/31/2030","True","True","730","Grass","-117.813070","34.056589"
"79","Angwin","St. Helena","Napa","5/11/1989","12/27/1996","False","True","1720","Grass","-122.421860","38.555242"
"80","Fresno State","Fresno","Fresno","10/3/1988","12/31/2030","True","True","339","Grass","-119.742310","36.820833"
"81","Shenandoah Valley","Plymouth","Amador","5/11/1990","5/17/2000","False","True","1550","Grass","-120.805070","38.522697"
"82","Claremont","Claremont","Los Angeles","4/13/1989","9/26/2007","False","True","1620","Grass","-117.696110","34.13"
"83","Santa Rosa","Santa Rosa","Sonoma","1/1/1990","12/31/2030","True","True","80","Grass","-122.799930","38.403550"
"84","Browns Valley","Marysville","Yuba","4/13/1989","12/31/2030","True","True","940","Grass","-121.315670","39.252561"
"85","Hopland FS","Hopland","Mendocino","9/23/1989","4/25/2016","False","False","1160","Bare","-123.080120","39.006747"
"86","Lindcove","Lindcove","Tulare","5/31/1989","12/31/2030","True","True","480","Grass","-119.059350","36.3605"
"87","Meloland","El Centro","Imperial","12/12/1989","12/31/2030","True","True","-50","Grass","-115.446260","32.806183"
"88","Cuyama","Cuyama","Santa Barbara","5/20/1989","12/31/2030","True","True","2290","Grass","-119.6738","34.942525"
"89","Salinas South","Salinas","Monterey","9/5/1992","9/25/2012","False","True","120","Grass","-121.5293","36.609444"
"90","Alturas","Alturas","Modoc","4/23/1989","12/31/2030","True","True","4405","Grass","-120.480310","41.438214"
"91","Tulelake FS","Tulelake","Siskiyou","4/12/1989","12/31/2030","True","True","4035","Grass","-121.472370","41.958869"
"92","Kesterson","Gustine","Merced","10/13/1989","12/31/2030","True","False","75","Grass","-120.880820","37.231861"
"93","Lamont","Lamont","Kern","2/4/1990","10/3/1994","False","True","382","Grass","-118.928610","35.286667"
"94","Goleta Foothills","Goleta","Santa Barbara","7/7/1990","7/18/2016","False","True","640","Grass","-119.869290","34.471333"
"95","Watsonville","Watsonville","Santa Cruz","9/13/1989","7/24/1995","False","True","100","Grass","-121.808890","36.886111"
"96","Woodside","Woodside","San Mateo","10/31/1990","1/24/1994","False","True","560","Grass","-122.2817","37.453661"
"97","Port Hueneme","Port Hueneme","Ventura","2/16/1991","7/31/2000","False","True","18","Grass","-119.20","34.173333"
"98","Ramona","Ramona","San Diego","4/20/1991","5/28/1998","False","True","1340","Grass","-116.938330","33.049444"
"99","Santa Monica","Santa Monica","Los Angeles","12/11/1992","5/8/2050","True","True","340","Grass","-118.476890","34.044311"
"100","Fremont","Fremont","Alameda","8/29/1991","6/19/2000","False","True","40","Grass","-121.967580","37.525853"
"101","Piru","Piru","Ventura","8/27/1991","2/20/2005","False","True","640","Alfalfa","-118.788890","34.3750"
"102","El Dorado","Long Beach","Los Angeles","10/24/1990","10/20/1999","False","True","17","Grass","-118.093890","33.797222"
"103","Windsor","Windsor","Sonoma","12/14/1990","12/31/2030","True","False","85","Grass","-122.8293","38.526336"
"104","De Laveaga","Santa Cruz","Santa Cruz","9/28/1990","12/31/2030","True","True","300","Grass","-121.996760","36.997444"
"105","Westlands","Tranquility","Fresno","4/17/1992","12/31/2030","True","True","191","Grass","-120.381810","36.634028"
"106","Sanel Valley","Hopland","Mendocino","2/1/1991","12/31/2030","True","True","525","Grass","-123.089280","38.982581"
"107","Santa Barbara","Santa Barbara","Santa Barbara","4/7/1993","12/31/2030","True","True","250","Grass","-119.737420","34.437353"
"108","Gerber Dryland","Gerber","Tehama","3/11/1991","5/12/1998","False","True","245","Bare","-122.162220","40.042778"
"109","Carneros","Napa","Napa","3/11/1993","12/31/2030","True","True","5","Grass","-122.354960","38.219503"
"110","Newberry Springs","Dagget","San Bernardino","2/21/1992","12/27/1996","False","True","1929","Grass","-116.641670","34.840556"
"111","Green Valley Road","Watsonville","Santa Cruz","5/29/1992","12/31/2030","True","False","110","Grass","-121.763940","36.943964"
"112","San Ardo","San Lucas","Monterey","6/18/1993","3/13/1995","False","True","374","Grass","-120.957780","36.078889"
"113","King City-Oasis Rd.","King City","Monterey","6/12/1993","12/31/2030","True","True","540","Grass","-121.084570","36.121083"
"114","Arroyo Seco","Soledad","Monterey","6/18/1993","12/31/2030","True","True","235","Grass","-121.291350","36.347306"
"115","Gonzales","Salinas","Monterey","6/12/1993","11/10/1998","False","True","146","Grass","-121.515970","36.509750"
"116","Salinas North","Salinas","Monterey","6/18/1993","12/31/2030","True","False","61","Grass","-121.691890","36.716806"
"117","Victorville","Victorville","San Bernardino","2/1/1994","12/31/2030","True","True","2890","Grass","-117.263510","34.475914"
"118","Cathedral City","Cathedral City","Riverside","12/7/1995","10/9/2014","False","True","392","Grass","-116.478730","33.841292"
"119","Putah Creek","Winters","Solano","8/21/1993","1/25/1995","False","True","180","Grass","-122.003930","38.492167"
"120","Guadalupe","Guadalupe","Santa Barbara","12/24/1993","11/28/2000","False","False","110","Grass","-120.548610","34.962778"
"121","Dixon","Dixon","Solano","9/20/1994","12/31/2030","True","True","37","Grass","-121.786910","38.415564"
"122","Hastings Tract","Dixon","Solano","3/28/1995","6/10/2009","False","True","10","Grass","-121.7906","38.283075"
"123","Suisun Valley","Cordelia","Solano","8/18/1994","7/11/2010","False","True","35","Grass","-122.116990","38.233972"
"124","Panoche","Firebaugh","Fresno","7/27/1995","12/31/2030","True","True","183","Grass","-120.731410","36.890056"
"125","Arvin-Edison","Arvin","Kern","3/22/1995","12/31/2030","True","True","500","Grass","-118.778410","35.205583"
"126","San Benito","Hollister","San Benito","6/9/1994","12/31/2030","True","True","340","Grass","-121.362750","36.854833"
"127","Salton Sea West","Salton City","Imperial","11/21/1994","9/16/2012","False","False","-225","Bare","-115.944840","33.327703"
"128","Salton Sea East","Niland","Imperial","11/17/1994","8/9/2013","False","False","-226","Bare","-115.580120","33.220186"
"129","Pajaro","Pajaro","Monterey","9/13/1995","12/31/2030","True","True","65","Grass","-121.741930","36.902778"
"130","Temecula East","Temecula","Riverside","7/1/1995","11/5/1996","False","True","1500","Grass","-117.036940","33.556389"
"131","Fair Oaks","Fair Oaks","Sacramento","4/18/1997","12/31/2030","True","True","265","Grass","-121.218870","38.649964"
"132","Morgan Hill","Morgan Hill","Santa Clara","4/28/1997","5/1/2008","False","True","385","Grass","-121.636320","37.151533"
"133","Glendale","Glendale","Los Angeles","8/7/1996","1/5/2015","False","True","1111","Grass","-118.2302","34.196531"
"134","Barstow NE","Barstow","San Bernardino","1/8/1997","10/30/2013","False","True","2040","Grass","-116.979860","34.884267"
"135","Blythe NE","Blythe","Riverside","1/16/1997","12/31/2030","True","True","275","Grass","-114.558110","33.662869"
"136","Oasis","Oasis/Indio","Riverside","1/7/1997","12/31/2050","True","True","12","Grass","-116.155750","33.523694"
"137","Temecula East II","Temecula","Riverside","2/20/1997","9/20/2011","False","True","1536","Grass","-117.031660","33.558017"
"138","Famoso","Macfarland","Kern","4/9/1997","12/29/2015","False","True","415","Grass","-119.212590","35.603111"
"139","Winters","Winters","Solano","6/15/1998","12/31/2030","True","False","136","Grass","-121.978530","38.501258"
"140","Twitchell Island","Rio Vista","Sacramento","10/8/1997","12/31/2050","True","True","0","Grass","-121.674455","38.121739"
"141","Mecca","Mecca","Riverside","5/5/1998","3/11/2010","False","True","-180","Grass","-115.9928","33.536894"
"142","Orange Cove","Orange Cove","Fresno","1/1/1999","12/31/2030","True","True","450","Grass","-119.389030","36.721083"
"143","San Juan Valley","Hollister","San Benito","1/1/1998","12/31/2030","True","True","245","Grass","-121.467870","36.822861"
"144","Petaluma East","Petaluma","Sonoma","8/25/1999","12/31/2030","True","True","97","Grass","-122.616460","38.266428"
"145","Madera","Madera","Madera","5/13/1998","3/27/2013","False","True","230","Grass","-120.186390","37.016528"
"146","Belridge","Lost Hills","Kern","10/9/1998","12/31/2030","True","True","410","Grass","-119.691140","35.505833"
"147","Otay Lake","Chula Vista","San Diego","4/15/1999","12/31/2030","True","True","580","Grass","-116.939280","32.628208"
"148","Merced","Merced","Merced","1/4/1999","12/31/2030","True","True","200","Grass","-120.3867","37.314139"
"149","Oakland Foothills","Oakland","Alameda","3/25/1999","8/13/2013","False","False","145","Grass","-122.180150","37.780653"
"150","Miramar","La Jolla","San Diego","4/23/1999","12/31/2030","True","True","445","Grass","-117.143140","32.885847"
"151","Ripley","Blythe","Riverside","12/19/1998","12/31/2030","True","True","251","Alfalfa","-114.633890","33.532222"
"152","Camarillo","Camarillo","Ventura","1/21/2000","12/31/2030","True","True","130","Grass","-118.992440","34.219386"
"153","Escondido SPV","Escondido","San Diego","2/1/1999","12/31/2030","True","True","390","Grass","-116.9757","33.081050"
"154","Salton Sea North","North Shore","Riverside","10/15/1998","10/30/2003","False","False","-200","Bare","-115.915560","33.503889"
"155","Bryte (experimental)","West Sacramento","Yolo","12/10/1998","12/31/2030","True","False","40","Bare","-121.540410","38.599158"
"156","Oxnard","Oxnard","Ventura","10/12/2001","12/31/2030","False","True","48","Grass","-119.196920","34.233639"
"157","Point San Pedro","San Rafael","Marin","10/11/2002","12/31/2030","True","True","5","Grass","-122.467656","37.995478"
"158","Bennett Valley","Santa Rosa","Sonoma","10/1/2000","12/31/2030","True","True","270","Grass","-122.658720","38.419439"
"159","Monrovia","Monrovia","Los Angeles","10/15/1999","12/31/2030","True","True","595","Grass","-117.9858","34.146372"
"160","San Luis Obispo West","San Luis Obispo","San Luis Obispo","11/1/2000","12/31/2030","True","True","285","Grass","-120.735880","35.335261"
"161","Patterson","Patterson","Stanislaus","8/23/1999","12/31/2030","True","True","183","Grass","-121.138510","37.438944"
"162","Indio","Indio","Riverside","12/24/1999","2/26/2006","False","True","40","Grass","-116.257780","33.746111"
"163","Atascadero","Atascadero","San Luis Obispo","11/21/2000","12/31/2030","True","True","885","Grass","-120.648140","35.472556"
"164","Valley of the Moon","Sonoma","Sonoma","4/1/2000","12/18/2001","False","True","155","Grass","-122.498660","38.311144"
"165","Sisquoc","Santa Maria","Santa Barbara","4/26/2000","12/31/2030","True","True","536","Grass","-120.212740","34.841878"
"166","Lodi West","Lodi","San Joaquin","9/13/2000","3/20/2015","False","True","25","Alfalfa","-121.386590","38.129933"
"167","Tracy","Tracy","San Joaquin","9/1/2001","12/31/2030","True","True","82","Grass","-121.475520","37.725881"
"168","Denair","Denair","Stanislaus","8/28/2002","4/9/2009","False","True","140","Grass","-120.779280","37.553111"
"169","Porterville","Porterville","Tulare","8/2/2000","12/31/2050","True","True","400","Grass","-119.093420","36.082056"
"170","Concord","Concord","Contra Costa","4/6/2001","12/31/2030","True","True","35","Grass","-122.020280","38.015372"
"171","Union City","Union City","Alameda","2/5/2001","12/31/2030","True","True","16","Grass","-122.053230","37.598758"
"172","Lost Hills NW","Lost Hills","Kern","7/26/2000","7/1/2003","False","False","225","Grass","-119.742550","35.733222"
"173","Torrey Pines","La Jolla","San Diego","11/29/2000","12/31/2030","True","True","335","Grass","-117.250460","32.901867"
"174","Long Beach","Long Beach","Los Angeles","9/22/2000","12/31/2030","True","True","17","Grass","-118.094790","33.798697"
"175","Palo Verde II","Palo Verde","Imperial","1/11/2001","12/31/2030","True","True","230","Alfalfa","-114.719210","33.383697"
"176","La Quinta","Indio","Riverside","11/10/2000","9/26/2006","False","True","42","Grass","-116.305560","33.685556"
"177","Watsonville West","Watsonville","Santa Cruz","11/30/2000","3/22/2006","False","True","212","Grass","-121.813110","36.90"
"178","Moraga","Moraga","Contra Costa","2/27/2002","12/31/2030","True","True","510","Grass","-122.140740","37.837614"
"179","Winchester","Winchester","Riverside","2/7/2002","12/31/2030","True","True","1626","Grass","-117.093380","33.663325"
"180","Westmorland West","Westmorland","Imperial","11/8/2001","7/21/2003","False","True","-218","Alfalfa","-115.803330","33.124167"
"181","Westmorland North","Imperial","Imperial","4/1/2004","6/17/2030","True","True","-200","Alfalfa","-115.660560","33.078611"
"182","Delano","Delano","Tulare","3/21/2002","12/31/2030","True","True","300","Grass","-119.255960","35.8330"
"183","Owens Lake North","Keeler","Inyo","12/16/2002","12/31/2030","True","False","3684","Bare","-117.919440","36.488611"
"184","San Diego II","San Diego","San Diego","3/1/2002","12/31/2030","True","True","377","Grass","-117.139340","32.729578"
"185","UC-Mex","Calexico","Imperial","1/18/2002","8/28/2002","False","True","39","Grass","-115.197220","32.411111"
"186","UC-San Luis","Calexico","Imperial","4/16/2002","1/25/2016","False","False","48","Grass","-114.826160","32.492658"
"187","Black Point","Novato","Marin","6/1/2003","12/31/2030","True","True","1","Grass","-122.5267","38.090933"
"188","Madera II","Madera","Madera","3/27/2013","12/31/2030","True","True","242","Grass","-120.15","37.02"
"189","Owens Lake South","Cartago","Inyo","4/1/2003","12/31/2030","True","False","3682","Grass","-117.943870","36.358628"
"190","Five Points South West","Five Points","Fresno","7/2/2003","12/31/2030","True","False","270","Grass","-120.229850","36.382028"
"191","Pleasanton","Pleasanton","Alameda","5/1/2004","12/31/2030","True","True","335","Grass","-121.885030","37.663969"
"192","Lake Arrowhead","Lake Arrowhead","San Bernardino","3/20/2004","12/31/2030","True","True","5148","Grass","-117.218140","34.255942"
"193","Pacific Grove ","Pacific Grove ","Monterey","10/26/2011","12/31/2030","True","True","50","Grass","-121.934860","36.633222"
"194","Oakdale","Oakdale","Stanislaus","11/2/2004","12/31/2030","False","True","165","Grass","-120.850860","37.727194"
"195","Auburn","Auburn","Placer","2/16/2005","12/31/2030","True","True","935","Grass","-121.102910","38.887603"
"196","Esparto","Esparto","Yolo","4/15/2005","12/31/2030","True","True","174","Grass","-122.013810","38.691786"
"197","Palmdale","Palmdale","Los Angeles","4/6/2005","12/31/2030","True","True","2550","Grass","-118.032490","34.614981"
"198","Santa Paula","Santa Paula","Ventura","3/30/2005","12/31/2030","True","True","218","Grass","-119.104880","34.324639"
"199","Big Bear Lake","Big Bear Lake","San Bernardino","7/19/2005","12/31/2030","True","True","6910","Grass","-116.865710","34.237419"
"200","Indio 2","Indio","Riverside","5/16/2006","12/31/2030","True","True","40","Grass","-116.2529","33.748586"
"201","UC-Andrade","Calexico","Imperial","1/1/2006","10/1/2015","False","True","120","Grass","-115.044380","32.674353"
"202","Nipomo","Nipomo","San Luis Obispo","6/27/2006","12/31/2030","True","True","255","Grass","-120.560030","35.028281"
"203","Alpaugh","Alpaugh","Tulare","7/11/2006","12/31/2030","True","False","210","Grass","-119.503570","35.862583"
"204","Santa Clarita","Santa Clarita","Los Angeles","12/4/2006","12/31/2030","True","True","1410","Grass","-118.517580","34.426361"
"205","Coalinga","Coalinga","Fresno","3/25/2010","12/31/2030","True","True","730","Grass","-120.360270","36.175833"
"206","Denair II","Denair","Stanislaus","4/9/2009","12/31/2030","True","True","150","Grass","-120.754530","37.545869"
"207","Borrego Springs","Borrego Springs","San Diego","1/4/2008","12/31/2030","True","True","578","Grass","-116.365050","33.268447"
"208","La Quinta II","La Quinta","Riverside","2/6/2007","12/31/2030","True","True","36","Grass","-116.272990","33.678186"
"209","Watsonville West II","Watsonville","Santa Cruz","6/13/2007","12/31/2030","True","True","240","Grass","-121.823650","36.913083"
"210","Carmel","Carmel","Monterey","7/22/2008","12/31/2030","True","True","75","Grass","-121.881960","36.540889"
"211","Gilroy","Gilroy","Santa Clara","9/1/2009","12/31/2030","True","True","185","Grass","-121.537040","37.015026"
"212","Hastings Tract East","Dixon","Solano","10/20/2009","12/31/2030","True","True","7","Grass","-121.741110","38.278056"
"213","El Cerrito","El Cerrito","Contra Costa","9/24/2013","12/31/2030","True","True","596","Grass","-122.302714","37.931539"
"214","Salinas South II","Salinas","Monterey","5/17/2013","12/31/2030","True","True","153","Grass","-121.537889","36.625619"
"215","Chatsworth","Chadsworth","Los Angeles","9/1/2011","12/31/2030","False","True","1536","Grass","-118.570040","34.291331"
"216","Arleta","Arleta","Los Angeles","9/8/2011","12/31/2030","False","True","980","Grass","-118.382780","34.256111"
"217","Moorpark","Moorpark","Ventura","7/3/2014","12/31/2030","True","True","718","Grass","-118.849319","34.269031"
"218","Thermal South","Thermal","Riverside","1/30/2010","12/31/2030","True","True","-150","Grass","-116.158110","33.595694"
"219","West Hills","West Hills","Los Angeles","9/6/2011","12/31/2030","False","True","926","Grass","-118.644770","34.214197"
"220","Palmdale Central","Palmdale","Los Angeles","3/23/2011","12/31/2030","True","True","2630","Grass","-118.1275","34.592222"
"221","Cadiz Valley","Chambless","San Bernardino","11/1/2010","10/10/2030","True","True","155","Grass","-115.510560","34.513611"
"222","Gerber South","Gerber","Tehama","8/13/2014","12/31/2030","True","True","246","Grass","-122.155750","40.028778"
"223","North Hollywood","Universal City","Los Angeles","10/31/2014","5/28/2015","False","True","570","Grass","-118.366320","34.142911"
"224","Shasta College","Redding","Shasta","9/4/2012","12/31/2050","True","False","592","Grass","-122.31","40.63"
"225","Scott Valley","Fort Jones","Siskiyou","4/1/2015","12/31/2030","True","True","2733","Grass","-122.838125","41.577778"
"226","Woodland","Woodland","Yolo","5/12/2011","12/31/2030","True","True","82","Grass","-121.811720","38.672722"
"227","Plymouth","Plymouth","Amador","11/1/2010","12/31/2030","True","True","1520","Grass","-120.799720","38.508333"
"228","Diamond Springs","Diamond Springs","El Dorado","9/29/2010","12/31/2030","True","True","2050","Grass","-120.793050","38.636111"
"229","Laguna Seca","Monterey","Monterey","1/1/2011","12/31/2030","True","True","320","Grass","-121.7865","36.570111"
"230","Santa Barbara II","Santa Barbara","Santa Barbara","1/10/2011","12/31/2030","True","False","440","Grass","-119.7150","34.405556"
"231","Lompoc","Lompoc","Santa Barbara","7/14/2010","12/31/2030","True","False","55","Grass","-120.513060","34.672222"
"232","Santa Maria II","Santa Maria","Santa Barbara","4/1/2011","12/31/2030","True","False","215","Grass","-120.464780","34.913472"
"233","Joshua Tree","Joshua Tree","San Bernardino","12/1/2011","12/31/2030","True","False","2483","Grass","-116.213190","34.138147"
"234","Newberry Springs II","Newberry Springs","San Bernardino","2/25/2015","12/31/2030","True","True","1930","Grass","-116.810247","34.883472"
"235","Verona","Nicolaus","Sutter","5/18/2012","12/31/2030","True","True","24","Alfalfa","-121.611360","38.797944"
"236","Macdoel II","Macdoel","Siskiyou","4/16/2015","12/31/2030","True","True","4265","Grass","-121.996159","41.802476"
"237","Temecula East III","Temecula","Riverside","11/1/2012","12/31/2030","True","True","1530","Grass","-117.04","33.55"
"238","Moreno Valley","Moreno Valley","Riverside","4/19/2013","12/31/2030","True","True","1604","Grass","-117.17","33.90"
"239","Hemet","Hemet","Riverside","1/22/2015","12/31/2030","True","True","1768","Grass","-116.955121","33.664747"
"240","Perris - Menifee","Perris","Riverside","5/25/2013","12/31/2030","True","True","1421","Grass","-117.20","33.76"
"241","San Clemente","San Clemente","Orange","7/28/2015","12/31/2050","True","True","224","Grass","-117.586111","33.4625"
"242","Staten Island","Walnut Grove","San Joaquin","11/5/2015","12/31/2050","True","True","-10","Grass","-121.510261","38.192397"
"243","Ryde","Walnut Grove","Sacramento","12/16/2015","12/31/2050","True","True","-10","Grass","-121.555528","38.249622"
"244","Biggs","Biggs","Butte","6/18/2015","12/31/2050","True","True","72","Grass","-121.835278","39.386632"
"245","Coto de Caza","Coto de Caza","Orange","10/7/2015","12/31/2050","True","True","846","Grass","-117.585278","33.621667"
"246","Markleeville","Markleeville","Alpine","6/13/2014","12/31/2030","True","False","5517","Grass","-119.791930","38.773409"
"247","Jersey Island","Oakley","Contra Costa","7/1/2016","12/31/2050","True","True","-12","Grass","-121.701247","38.033386"
"248","Holt","Stockton","San Joaquin","7/1/2016","12/31/2050","True","True","-3","Grass","-121.396661","37.932072"
"249","Ripon","Manteca","San Joaquin","7/1/2016","12/31/2050","True","True","20","Grass","-121.266153","37.755597"
"250","Williams","Williams","Colusa","8/9/2016","12/31/2050","True","True","69","Grass","-122.168889","39.210667"
"251","Highland","Highland","San Bernardino","10/10/2016","12/31/2050","True","True","1275","Grass","-117.1857","34.112042"
